<?xml version="1.0" encoding="UTF-8"?>
<!DOCTYPE struts PUBLIC
    "-//Apache Software Foundation//DTD Struts Configuration 2.5//EN"
    "http://struts.apache.org/dtds/struts-2.5.dtd">

<struts>
    <!-- Define an action for managing surveys -->
    <package name="survey" extends="struts-default">
        
        <!-- Action for creating a new survey -->
        <action name="createSurveyAction"
            class="com.actions.CreateSurveyAction" method="create">
            <result name="success" type="redirect">/index.jsp</result>
            <result name="error">/error.jsp</result>
        </action>
        
         <!-- Action for creating a new survey -->
        <action name="createSurveyAction"
            class="com.actions.CreateSurveyAction" method="create">
            <result name="success" type="redirect">/index.jsp</result>
            <result name="error">/error.jsp</result>
        </action>

        <!-- Action for updating an existing survey -->
        <action name="updateSurveyAction"
            class="com.actions.UpdateSurveyAction" method="update">
            <result name="success" type="redirect">/index.jsp</result>
            <result name="error">/error.jsp</result>
        </action>

        <!-- Action for deleting a survey -->
        <action name="deleteSurveyAction"
            class="com.actions.DeleteSurveyAction" method="delete">
            <result name="success" type="redirect">/index.jsp</result>
            <result name="error">/error.jsp</result>
        </action>
        
    </package>
</struts>
